No.,"INVOICE NUMBER","DO NUMBER",IMEI,"STORE TRANFER ( IN )","STORE TRANFER ( OUT )","DISTRIBUTOR / WAREHOUSE ( IN )","DISTRIBUTOR / WAREHOUSE ( OUT )",WAREHOUSE,REMARK,"CREATED BY",TIME
1,,DO670601-00001,862774061523632,"VT1 - Folder shop","VT1 - Ting1","352027204 - VT1 - Folder shop","352027314 - VT1 - Ting1","WH - Stock OPPO (Mark)",,M20180315,"2024-06-01 09:06:22"
2,,DO670601-00002,862774061949530,"VT1 - A Zong Saisavang","VT1 - ComCom Mobile","352027161 - VT1 - A Zong Saisavang","352027194 - VT1 - ComCom Mobile","WH - Stock OPPO (Mark)",,M20180315,"2024-06-01 09:06:03"
3,,DO670603-00001,866654063730813,"CPS - Aling mobile3 ປາກຊ່ອງ","CPS - Jk mobile3 Agent Store","352026937 - CPS - Aling mobile3 ParkSong","352026952 - CPS - Jk mobile3 Agent Shop","Kerry-JK (Pakse)","N2606 Approval No.：202406011257000277236",Admin,"2024-06-03 09:06:52"
4,,DO670603-00002,862774061756232,"VT1 - GF mobile","VT1 - Ting1","352027207 - VT1 - GF mobile","352027314 - VT1 - Ting1","WH - Stock OPPO (Mark)",,M20180315,"2024-06-03 09:06:21"
5,IN670513-00225,DO670603-00003,862980062129192,"LNT - Aming mobile","LNT - Ayao mobile1 Agent Store","352031920 - LNT - Aming mobile","352026840 - LNT - Ayao mobile1 Agent Shop","Kerry-A Yao (Loungnamtha)","N2558 Approval No.：202406021023000141266",Admin,"2024-06-03 09:06:03"
6,IN670602-00054,DO670603-00004,867993076516234,LNT - Hongda electronic,"LNT - Ayao mobile1 Agent Store","352031959 - LNT - Hongda electronic","352026840 - LNT - Ayao mobile1 Agent Shop","Kerry-A Yao (Loungnamtha)","N2558 Approval No.：202406030912000305576",Admin,"2024-06-03 09:06:10"
7,IN670602-00054,DO670603-00005,867993076505575,LNT - Hongda electronic,"LNT - Ayao mobile1 Agent Store","352031959 - LNT - Hongda electronic","352026840 - LNT - Ayao mobile1 Agent Shop","Kerry-A Yao (Loungnamtha)","N2558 Approval No.：202406030912000305576",Admin,"2024-06-03 09:06:10"
8,,DO670603-00006,868051060277310,"ODX - Aping mobile ອຸດົມໄຊ","ODX - Abao mobile1 Agent Store","352026902 - ODX - Aping mobile1","352026897 - ODX - Abao mobile1 Agent Shop","Kerry-A BAO (Oudomxai)","N145 Approval No.：202406031008000009276",Admin,"2024-06-03 09:06:24"
9,,DO670603-00007,862774060989214,"VT1 - BTL ສະພານທອງ","VT1 - W and W Advice","352027190 - VT1 - BTL Saphanthong","352027333 - VT1 - W&W Advice","WH - Stock OPPO (Mark)",,M20180315,"2024-06-03 11:06:53"
10,IN670513-00114,DO670603-00008,867003068116413,"BLX - aliu mobile ຄຳເກີດ","BLX - Awen Mobile8","352026734 - BLX - aliu mobile Noungpong","352026799 - KAM - Awen mobile1 Agent Shop","Kerry-Awen (Thakhaek)",s,Admin,"2024-06-03 11:06:11"
11,IN670513-00114,DO670603-00009,863671064345311,"BLX - aliu mobile ຄຳເກີດ","BLX - Awen Mobile8","352026734 - BLX - aliu mobile Noungpong","352026799 - KAM - Awen mobile1 Agent Shop","Kerry-Awen (Thakhaek)",s,Admin,"2024-06-03 11:06:11"
12,IN670527-00024,DO670603-00010,867993076605375,"VT1 - L&A mobile","VT1 - A Yang Mobile Xaisavang","352032471 - VT1 - L&A mobile","352027157 - VT1 - A Yang Xaysavarng","WH - Stock OPPO (Mark)",,M20180315,"2024-06-03 15:06:20"
13,IN670504-00094,DO670603-00011,863671064399417,"VT1 - ZiVa mobile","VT1 - Solo mobile ທານາແລ້ງ","352027341 - VT1 - ZiVa mobile","352027292 - VT1 - Solo mobile Thanarlaeng","WH - Stock OPPO (Mark)",,M20180315,"2024-06-03 16:06:24"
14,IN670504-00094,DO670603-00012,863671064926698,"VT1 - ZiVa mobile","VT1 - Solo mobile ທານາແລ້ງ","352027341 - VT1 - ZiVa mobile","352027292 - VT1 - Solo mobile Thanarlaeng","WH - Stock OPPO (Mark)",,M20180315,"2024-06-03 16:06:24"
15,IN670504-00094,DO670603-00013,863671064319258,"VT1 - ZiVa mobile","VT1 - Solo mobile ທານາແລ້ງ","352027341 - VT1 - ZiVa mobile","352027292 - VT1 - Solo mobile Thanarlaeng","WH - Stock OPPO (Mark)",,M20180315,"2024-06-03 16:06:24"
16,IN670504-00094,DO670603-00014,863671064369998,"VT1 - ZiVa mobile","VT1 - Solo mobile ທານາແລ້ງ","352027341 - VT1 - ZiVa mobile","352027292 - VT1 - Solo mobile Thanarlaeng","WH - Stock OPPO (Mark)",,M20180315,"2024-06-03 16:06:48"
17,,DO670604-00001,867003064456730,"BLX - Afuo mobileຄຳເກີດ","BLX - Afuo ຈອມທອງ","352026730 - BLX - Akhai mobile 1","352026728 - BLX - Afou ViengThong","Kerry-Awen (Thakhaek)","N651 Approval No.：202406031513000480140",Admin,"2024-06-04 10:06:03"
18,IN670527-00029,DO670604-00002,860306074481813,"KAM - Awen mobile1 Agent Store","KAM - Le mobile ທ່າແຂກ","352026799 - KAM - Awen mobile1 Agent Shop","352026814 - KAM - Le mobile","Kerry-Awen (Thakhaek)","N2332 Approval No.：202406031724000549821",Admin,"2024-06-04 10:06:46"
19,IN670513-00239,DO670604-00003,862980062127634,"KAM - Bunkeld mobile","KAM - Awen mobile2","352026800 - KAM - Bunkeld mobile","352026799 - KAM - Awen mobile1 Agent Shop","Kerry-Awen (Thakhaek)","N2332 Approval No.：202406031717000558891",Admin,"2024-06-04 10:06:35"
20,IN670527-00106,DO670604-00004,860306074481938,"KAM - Awen mobile4","BLX - Joi mobile ບໍລິຄັນ","352026799 - KAM - Awen mobile1 Agent Shop","352026747 - BLX - Joi mobile Borlikhun","Kerry-Awen (Thakhaek)","N2332 Approval No.：202406031712000384027",Admin,"2024-06-04 10:06:29"
21,,DO670604-00005,862774061553290,"XYB - Lai mobile2","XYB - Joi mobile ປາກລາຍ","352027091 - XYB - Lai mobile","352027085 - XYB - Joi mobile Paklaiy","Kerry-Siam (Xaiyabouli)","N486 Approval No.：202406031655000381926",Admin,"2024-06-04 10:06:21"
22,IN670603-00159,DO670604-00006,867993076602430,"BKE - LF Mobile2","BKE - LF Mobile1","352031627 - BKE - LF Mobile1","352031627 - BKE - LF Mobile1","Kerry-LH (Bokeo)","867993076600814
867993076604238
867993076601374
867993076604170
867993076602430",Admin,"2024-06-04 10:06:07"
23,IN670603-00159,DO670604-00007,867993076600814,"BKE - LF Mobile2","BKE - LF Mobile1","352031627 - BKE - LF Mobile1","352031627 - BKE - LF Mobile1","Kerry-LH (Bokeo)","867993076600814
867993076604238
867993076601374
867993076604170
867993076602430",Admin,"2024-06-04 10:06:07"
24,IN670603-00159,DO670604-00008,867993076604170,"BKE - LF Mobile2","BKE - LF Mobile1","352031627 - BKE - LF Mobile1","352031627 - BKE - LF Mobile1","Kerry-LH (Bokeo)","867993076600814
867993076604238
867993076601374
867993076604170
867993076602430",Admin,"2024-06-04 10:06:07"
25,IN670603-00159,DO670604-00009,867993076601374,"BKE - LF Mobile2","BKE - LF Mobile1","352031627 - BKE - LF Mobile1","352031627 - BKE - LF Mobile1","Kerry-LH (Bokeo)","867993076600814
867993076604238
867993076601374
867993076604170
867993076602430",Admin,"2024-06-04 10:06:07"
26,IN670603-00159,DO670604-00010,867993076604238,"BKE - LF Mobile2","BKE - LF Mobile1","352031627 - BKE - LF Mobile1","352031627 - BKE - LF Mobile1","Kerry-LH (Bokeo)","867993076600814
867993076604238
867993076601374
867993076604170
867993076602430",Admin,"2024-06-04 10:06:07"
27,IN670529-00086,DO670604-00011,863671069657439,"VT1 - nangnoy","VT1 - LT ໜອງຈັນ","352027255 - VT1 - nangnoy","352027241 - VT1 - LT Nongchan","WH - Stock OPPO (Mark)",,M20180315,"2024-06-04 15:06:37"
28,IN670502-00109,DO670604-00012,862774061761117,"VT2 - inter telecom","VT2 - Big telecom ທຸລະຄົມ","352027217 - VT2 - inter telecom","352027182 - VT2 - Big telecom Thulakhom","Kerry-INEW (Vientiane)",,M20180315,"2024-06-04 15:06:06"
29,IN670502-00109,DO670604-00013,862774061760176,"VT2 - T Shop mobile","VT2 - Big telecom ທຸລະຄົມ","352027306 - VT2 - T Shop mobile","352027182 - VT2 - Big telecom Thulakhom","Kerry-INEW (Vientiane)",,M20180315,"2024-06-04 15:06:44"
30,,DO670605-00001,867003065435915,"BLX - A kung mobile","KAM - Awen mobile1 Agent Store","352026754 - BLX - PSC","352026799 - KAM - Awen mobile1 Agent Shop","Kerry-Awen (Thakhaek)","N2050 Approval No.：202406041249000076236",Admin,"2024-06-05 09:06:29"
31,,DO670605-00002,862780063594778,"BLX - A kung mobile","BLX - Awen mobile3","352026754 - BLX - PSC","352026754 - BLX - PSC","Kerry-Awen (Thakhaek)","N2050 Approval No.：202406041246000582081",Admin,"2024-06-05 09:06:30"
32,,DO670605-00003,862780063674257,"CPS - J com1 ຈຳປາສັກ","CPS - Jk mobile8","352026951 - CPS - J com","352026952 - CPS - Jk mobile3 Agent Shop","Kerry-JK (Pakse)","N2034 Approval No.：202406041425000457328",Admin,"2024-06-05 09:06:27"
33,,DO670605-00004,862774060878631,"XKH - YH mobile2","XKH - Mai mobile2","352032239 - XKH - YH mobile","352027039 - XKH - Mai mobile Numeum","Kerry-A Hua (Xiengkhuang)","N2550 Approval No.：202406041105000269541",Admin,"2024-06-05 09:06:48"
34,,DO670605-00005,862774060543557,"XKH - YH mobile2","XKH - Mai mobile2","352032239 - XKH - YH mobile","352027039 - XKH - Mai mobile Numeum","Kerry-A Hua (Xiengkhuang)","N2550 Approval No.：202406041105000269541",Admin,"2024-06-05 09:06:48"
35,,DO670605-00006,862780063382331,SEK - NT mobile,"SEK - Ana Mobile","352032004 - SEK - NT mobile","352026997 - SEK - Ana Mobile","Kerry-ST (Sekong)","N1535 Approval No.：202406041520000447654",Admin,"2024-06-05 09:06:57"
36,IN670514-00012,DO670605-00007,867993074238419,"LNT - KP mobile1","LNT - Noy mobile1 ຊຽງແລ້","352026844 - LNT - KP mobile1","352026846 - LNT - Noy mobile Xienglea","Kerry-A Yao (Loungnamtha)","N390 Approval No.：202406041814000013265",Admin,"2024-06-05 09:06:01"
37,,DO670605-00008,864405068775390,"KAM - Awen mobile1 Agent Store","KAM - Happy mobile ຄຳມ່ວນ","352026799 - KAM - Awen mobile1 Agent Shop","352026803 - KAM - Happy mobile","Kerry-Awen (Thakhaek)","N2332 Approval No.：202406050940000157705",Admin,"2024-06-05 09:06:54"
38,IN670513-00114,DO670605-00009,867993074388156,"BLX - Yin mobile ຄຳເກີດ","BLX - Awen Mobile8","352026763 - BLX - Yin mobile","352026799 - KAM - Awen mobile1 Agent Shop","Kerry-Awen (Thakhaek)","N651 Approval No.：202406051044000597853",Admin,"2024-06-05 10:06:10"
39,IN670528-00024,DO670605-00010,862774061692551,"VT1 - Saiy mobile ຄຳສະຫວາດ","VT1 - icare","352027284 - VT1 - Saiy mobile","352027214 - VT1 - icare","WH - Stock OPPO (Mark)",,M20180315,"2024-06-05 10:06:34"
40,IN670512-00007,DO670605-00011,867528073514616,"LNT - SP mobile","LNT - KK Mobile","352032221 - LNT - SP mobile","352032401 - LNT - KK Mobile","Kerry-A Yao (Loungnamtha)","N390 Approval No.：202406051007000451947",Admin,"2024-06-05 10:06:49"
41,IN670516-00011,DO670605-00012,862774061525132,"VT1 - JJ Mobile","VT1 - Call me1 Phornsinuan","352027219 - VT1 - JJ-MB","352027191 - VT1 - Call me1 Phonesynuan","WH - Stock OPPO (Mark)",,M20180315,"2024-06-05 10:06:11"
42,IN670603-00157,DO670605-00013,867993076927175,"VT1 - Folder shop","VT1 - A Yang Mobile Xaisavang","352027204 - VT1 - Folder shop","352027157 - VT1 - A Yang Xaysavarng","WH - Stock OPPO (Mark)",,M20180315,"2024-06-05 13:06:20"
43,IN670511-00106,DO670606-00001,867993074390798,"VT3 - oppo shop ວັງວຽງ","VT3 - Win Samsung2 Agent Store","352027267 - VT3 - Oppo shop Vungvieng","352027334 - VT3 - Win Samsung 2 Agent Shop","Kerry-Win (Vientiane)",,M20180315,"2024-06-06 13:06:41"
44,,DO670606-00002,862774060992796,"VT1 - Viva","VT1 - CL Nongniaw","352027331 - VT1 - Viva","352027192 - VT1 - CL Saphanthong","WH - Stock OPPO (Mark)",,M20180315,"2024-06-06 13:06:04"
45,,DO670606-00003,862774061954217,"VT1 - JomJai mobile Nakham","VT1 - CL Nongniaw","352027016 - VT1 - JomJai","352027192 - VT1 - CL Saphanthong","WH - Stock OPPO (Mark)",,M20180315,"2024-06-06 13:06:48"
46,IN670603-00121,DO670606-00004,865073061970159,"VT1 - DDE Dongdok","VT1 - LCC1 Dongpalan","352027197 - VT1 - DDE Dongdok","352027235 - VT1 - LCC1 Dongpalan","WH - Stock OPPO (Mark)",,M20180315,"2024-06-06 13:06:55"
47,,DO670606-00005,862774061640212,"VT3 - Sy Mobile","VT3 - Kn telecom 1","352031804 - VT3 - ST Mobile Sangthong","352027226 - VT3 - Kn telecom","Kerry-Win (Vientiane)",,M20180315,"2024-06-06 15:06:31"
48,IN670512-00007,DO670606-00006,867528073514616,"LNT - SP mobile","LNT - SP mobile","352032221 - LNT - SP mobile","352032221 - LNT - SP mobile","Kerry-A Yao (Loungnamtha)",s,Admin,"2024-06-06 16:06:09"
49,IN670525-00044,DO670606-00007,863671065708376,"BLX - Afang mobile Khamkert","BLX - Azine mobile ບໍລຶຄຳໄຊ","352026726 - BLX - Afang Mobile Nongpong","352026743 - BLX - Azine mobile Borlikhamxai","Kerry-Awen (Thakhaek)",s,Admin,"2024-06-06 16:06:06"
50,,DO670606-00008,862774060256754,"LNT - Aping mobile ຫຼວງນ້ຳທາ","LNT - SP mobile","352026838 - LNT - Aping mobile","352032221 - LNT - SP mobile","Kerry-A Yao (Loungnamtha)",s,Admin,"2024-06-06 16:06:56"
51,IN670506-00093,DO670606-00009,862774061952575,"PSL - Jping Mobile2","PSL - JW mobile3","352026983 - PSL - Jping Phongsaly","352026915 - PSL - JW mobile Agent Shop","Kerry-JW (Phonsaly)",s,Admin,"2024-06-06 16:06:49"
52,,DO670606-00010,866654062016297,"XKH - YH mobile2","XKH - Mai mobile2","352032239 - XKH - YH mobile","352027039 - XKH - Mai mobile Numeum","Kerry-A Hua (Xiengkhuang)",s,Admin,"2024-06-06 16:06:00"
53,,DO670606-00011,866654062030215,"XKH - YH mobile2","XKH - Mai mobile2","352032239 - XKH - YH mobile","352027039 - XKH - Mai mobile Numeum","Kerry-A Hua (Xiengkhuang)",s,Admin,"2024-06-06 16:06:00"
54,,DO670606-00012,868714068120077,"XKH - YH mobile2","XKH - Mai mobile2","352032239 - XKH - YH mobile","352027039 - XKH - Mai mobile Numeum","Kerry-A Hua (Xiengkhuang)",s,Admin,"2024-06-06 16:06:00"
55,,DO670606-00013,867003068242318,"ATP - Than mobile","ATP - Ata mobile1 Agent Store","352026696 - ATP - Than mobile","352026684 - ATP - Ata mobile1 Agent Shop","Kerry-ATA (Attapue)",s,Admin,"2024-06-06 16:06:07"
56,IN670514-00159,DO670606-00014,862980062117098,"KAM - Ammuna Mobile","KAM - Awen mobile6","352026797 - KAM - Ammuna Mobile","352026799 - KAM - Awen mobile1 Agent Shop","Kerry-Awen (Thakhaek)",s,Admin,"2024-06-06 16:06:47"
57,IN670504-00107,DO670606-00015,863671060108119,"SVK - A Rong mobile","SVK - INEW Savan1 Agent Store","352027386 - SVK - A Rong mobile","352027416 - SVK - INEW Savan1 Agent Shop","Kerry-INEW SVK (Savanakhet)",s,Admin,"2024-06-06 16:06:29"
58,IN670606-00069,DO670606-00016,862774061597750,"KAM - Vongsa Mobile2","KAM - Vanhxai mobile","352026834 - KAM - Vongsa mobile1","352026833 - KAM - Vanhxai mobile","Kerry-Awen (Thakhaek)",s,Admin,"2024-06-06 16:06:12"
59,IN670603-00049,DO670606-00017,862774061953235,"BLX - A aung mobile","KAM - Awen mobile4","352026715 - BLX - A aung mobile","352026799 - KAM - Awen mobile1 Agent Shop","Kerry-Awen (Thakhaek)",s,Admin,"2024-06-06 16:06:52"
60,,DO670606-00018,862774061944630,"BLX - RC Mobile","KAM - Awen mobile5","352026756 - BLX - RC Mobile","352026799 - KAM - Awen mobile1 Agent Shop","Kerry-Awen (Thakhaek)",s,Admin,"2024-06-06 16:06:39"
61,IN670603-00146,DO670606-00019,862774061554132,"SVK - TN phone2","SVK - Apiew","352027400 - SVK - Atuan mobile","352027397 - SVK - Apiew","Kerry-INEW SVK (Savanakhet)",s,Admin,"2024-06-06 16:06:06"
62,IN670604-00089,DO670606-00020,862774061553613,"SVK - Bouakham Mobile","SVK - ATong Mobile1","352027471 - SVK - Vone Mobile","352027398 - SVK - ATong Mobile1","Kerry-INEW SVK (Savanakhet)",s,Admin,"2024-06-06 16:06:25"
63,,DO670607-00001,862780063324093,"PSL - Jping Mobile1","PSL - JW mobile3","352026983 - PSL - Jping Phongsaly","352026915 - PSL - JW mobile Agent Shop","Kerry-JW (Phonsaly)","N2681 Approval No.：202406061843000516382",Admin,"2024-06-07 10:06:19"
64,IN670506-00093,DO670607-00002,862774061952419,"PSL - LV Mobile2","PSL - JW mobile3","352026986 - PSL - LV mobile","352026915 - PSL - JW mobile Agent Shop","Kerry-JW (Phonsaly)","N2681 Approval No.：202406061838000450840",Admin,"2024-06-07 11:06:25"
65,IN670517-00089,DO670607-00003,862774061569619,"HPN - Adian Mobile2","HPN - Adian Mobile1","352026767 - HPN - Adian Mobile1","352026767 - HPN - Adian Mobile1","Kerry - A Lei (Huaphan)","N1988 Approval No.：202406061606000401647",Admin,"2024-06-07 11:06:11"
66,IN670516-00093,DO670607-00004,863671065796454,"XKH - YH mobile","XKH - Ahua Mobile1 Agent Shop","352032239 - XKH - YH mobile","352027024 - XKH - Ahua Mobile1 Agent Shop","Kerry-A Hua (Xiengkhuang)","N2545 Approval No.：202406070953000161514",Admin,"2024-06-07 11:06:48"
67,IN670531-00025,DO670607-00005,862980062129952,"PSL - JW Mobile4","PSL - PSL Mobile 4","352026915 - PSL - JW mobile Agent Shop","352026989 - PSL - PSL Mobile 4","Kerry-JW (Phonsaly)","N2681 Approval No.：202406071400000044985",Admin,"2024-06-07 15:06:38"
68,IN670514-00143,DO670607-00006,863671065830758,"XKH - YH mobile","XKH - Ahua Mobile1 Agent Shop","352032239 - XKH - YH mobile","352027024 - XKH - Ahua Mobile1 Agent Shop","Kerry-A Hua (Xiengkhuang)","N2545 Approval No.：202406071626000265397",Admin,"2024-06-07 15:06:22"
69,IN670525-00020,DO670607-00007,866654063868019,"SLV - PSV","SLV - Viet 92 mobile","352027371 - SLV - PSV","352031891 - SLV - Viet 92 mobile","Kerry-ABO (Salavan)","N2591 Approval No.：202406071638000383453",Admin,"2024-06-07 16:06:02"
70,IN670525-00020,DO670607-00008,866654063869736,"SLV - PSV","SLV - Viet 92 mobile","352027371 - SLV - PSV","352031891 - SLV - Viet 92 mobile","Kerry-ABO (Salavan)","N2591 Approval No.：202406071638000383453",Admin,"2024-06-07 16:06:02"
71,IN670525-00020,DO670607-00009,867993076599552,"SLV - PSV","SLV - Viet 92 mobile","352027371 - SLV - PSV","352031891 - SLV - Viet 92 mobile","Kerry-ABO (Salavan)","N2591 Approval No.：202406071638000383453",Admin,"2024-06-07 16:06:02"
72,,DO670608-00001,867003069283857,"VT1 - L&A mobile","VT1 - A Fong mobile","352032471 - VT1 - L&A mobile","352027129 - VT1 - A Fong mobile","WH - Stock OPPO (Mark)",,M20180315,"2024-06-08 09:06:04"
73,IN670518-00062,DO670608-00002,863671064893930,"LNT - SP mobile","LNT - Aping mobile ຫຼວງນ້ຳທາ","352032221 - LNT - SP mobile","352026838 - LNT - Aping mobile","Kerry-A Yao (Loungnamtha)",,Admin,"2024-06-08 10:06:33"
74,IN670513-00225,DO670608-00003,867993074503572,LNT - Hongda electronic,"LNT - Ayao mobile1 Agent Store","352031959 - LNT - Hongda electronic","352026840 - LNT - Ayao mobile1 Agent Shop","Kerry-A Yao (Loungnamtha)","N2558 Approval No.：202406071802000463366",Admin,"2024-06-08 10:06:29"
75,,DO670608-00004,866654062167074,"SVK - A Rong mobile","SVK - INEW Savan1 Agent Store","352027386 - SVK - A Rong mobile","352027416 - SVK - INEW Savan1 Agent Shop","Kerry-INEW SVK (Savanakhet)","N2471 Approval No.：202406081150000179372",Admin,"2024-06-08 10:06:58"
76,,DO670608-00005,865055069476651,"VT1 - LCC1 Dongpalan","VT1 - DDE Dongpalan","352027235 - VT1 - LCC1 Dongpalan","352027197 - VT1 - DDE Dongdok","WH - Stock OPPO (Mark)",,M20180315,"2024-06-08 13:06:12"
77,IN670502-00121,DO670610-00001,863671060434119,"VT3 - phanphon","VT3 - Win Samsung2 Agent Store","352027270 - VT3 - phanphon","352027334 - VT3 - Win Samsung 2 Agent Shop","Kerry-Win (Vientiane)",,M20180315,"2024-06-10 08:06:09"
78,IN670502-00121,DO670610-00002,863671060434416,"VT3 - phanphon","VT3 - Win Samsung2 Agent Store","352027270 - VT3 - phanphon","352027334 - VT3 - Win Samsung 2 Agent Shop","Kerry-Win (Vientiane)",,M20180315,"2024-06-10 08:06:09"
79,IN670530-00028,DO670610-00003,863671065109393,"BLX - A yun mobile ບໍລະຄຳໄຊ","BLX - A ying mobile ປາກກະດິງ","352026723 - BLX - A yun mobile","352026722 - BLX - A ying mobile Parkkading","Kerry-Awen (Thakhaek)","N1542 Approval No.：202406081236000543735",Admin,"2024-06-10 13:06:34"
80,IN670530-00028,DO670610-00004,863671065116273,"BLX - A yun mobile ບໍລະຄຳໄຊ","BLX - A ying mobile ປາກກະດິງ","352026723 - BLX - A yun mobile","352026722 - BLX - A ying mobile Parkkading","Kerry-Awen (Thakhaek)","N1542 Approval No.：202406081236000543735",Admin,"2024-06-10 13:06:34"
81,IN670530-00028,DO670610-00005,863671065196655,"BLX - A yun mobile ບໍລະຄຳໄຊ","BLX - A ying mobile ປາກກະດິງ","352026723 - BLX - A yun mobile","352026722 - BLX - A ying mobile Parkkading","Kerry-Awen (Thakhaek)","N1542 Approval No.：202406081236000543735",Admin,"2024-06-10 13:06:34"
82,IN670530-00028,DO670610-00006,863671065199550,"BLX - A yun mobile ບໍລະຄຳໄຊ","BLX - A ying mobile ປາກກະດິງ","352026723 - BLX - A yun mobile","352026722 - BLX - A ying mobile Parkkading","Kerry-Awen (Thakhaek)","N1542 Approval No.：202406081236000543735",Admin,"2024-06-10 13:06:34"
83,IN670530-00028,DO670610-00007,863671065196978,"BLX - A yun mobile ບໍລະຄຳໄຊ","BLX - A ying mobile ປາກກະດິງ","352026723 - BLX - A yun mobile","352026722 - BLX - A ying mobile Parkkading","Kerry-Awen (Thakhaek)","N1542 Approval No.：202406081236000543735",Admin,"2024-06-10 13:06:34"
84,IN670530-00028,DO670610-00008,863671065202172,"BLX - A yun mobile ບໍລະຄຳໄຊ","BLX - A ying mobile ປາກກະດິງ","352026723 - BLX - A yun mobile","352026722 - BLX - A ying mobile Parkkading","Kerry-Awen (Thakhaek)","N1542 Approval No.：202406081236000543735",Admin,"2024-06-10 13:06:34"
85,IN670530-00028,DO670610-00009,863671065192951,"BLX - A yun mobile ບໍລະຄຳໄຊ","BLX - A ying mobile ປາກກະດິງ","352026723 - BLX - A yun mobile","352026722 - BLX - A ying mobile Parkkading","Kerry-Awen (Thakhaek)","N1542 Approval No.：202406081236000543735",Admin,"2024-06-10 13:06:34"
86,IN670530-00028,DO670610-00010,863671065199410,"BLX - A yun mobile ບໍລະຄຳໄຊ","BLX - A ying mobile ປາກກະດິງ","352026723 - BLX - A yun mobile","352026722 - BLX - A ying mobile Parkkading","Kerry-Awen (Thakhaek)","N1542 Approval No.：202406081236000543735",Admin,"2024-06-10 13:06:34"
87,,DO670610-00011,866155066396412,"XKH - YH mobile2","XKH - Mai mobile2","352032239 - XKH - YH mobile","352027039 - XKH - Mai mobile Numeum","Kerry-A Hua (Xiengkhuang)","N2550 Approval No.：202406081408000499171",Admin,"2024-06-10 13:06:19"
88,IN670528-00056,DO670610-00012,867993076507878,"LNT - SP mobile","LNT - KP mobile1","352032221 - LNT - SP mobile","352026844 - LNT - KP mobile1","Kerry-A Yao (Loungnamtha)","N390 Approval No.：202406082001000198438",Admin,"2024-06-10 13:06:44"
89,IN670606-00037,DO670610-00013,862774061609217,"LPB - HX","LPB - TK","352026874 - LPB - HX","352026892 - LPB - TK","Kerry-QZ (Loungprabang)","N0231 Approval No.：202406081732000052594",Admin,"2024-06-10 13:06:30"
90,IN670515-00051,DO670610-00014,863671064340551,"SVK - INEW Savan1 Agent Store","SVK - TATA Mobile","352027416 - SVK - INEW Savan1 Agent Shop","352027462 - SVK - TATA Mobile","Kerry-INEW SVK (Savanakhet)","N518 Approval No.：202406091050000411485",Admin,"2024-06-10 13:06:17"
91,IN670602-00042,DO670610-00015,863671065208831,"KAM - Vongsa mobile1","KAM - Awen mobile2","352026834 - KAM - Vongsa mobile1","352026799 - KAM - Awen mobile1 Agent Shop","Kerry-Awen (Thakhaek)","N2332 Approval No.：202406101015000337877",Admin,"2024-06-10 13:06:04"
92,,DO670610-00016,862774060256754,"LNT - SP mobile","LNT - Aping mobile ຫຼວງນ້ຳທາ","352032221 - LNT - SP mobile","352026838 - LNT - Aping mobile","Kerry-A Yao (Loungnamtha)","N390 Approval No.：202406101038000179216",Admin,"2024-06-10 13:06:45"
93,IN670519-00010,DO670610-00017,863671065724290,"LNT - SP mobile","LNT - Hongda mobile7","352032221 - LNT - SP mobile","352032005 - LNT - Hongda mobile7","Kerry-A Yao (Loungnamtha)","N390 Approval No.：202406101000000193471",Admin,"2024-06-10 13:06:26"
94,IN670606-00097,DO670610-00018,862774061954613,"SVK - TN phone1","SVK - Lao derm Mobile 1","352027400 - SVK - Atuan mobile","352027428 - SVK - Lao derm Mobile","Kerry-INEW SVK (Savanakhet)","N518 Approval No.：202406101114000150548",Admin,"2024-06-10 13:06:31"
95,IN670608-00048,DO670610-00019,866227060115476,"XKH - Uni Mobile ຊຽງຂວາງ","XKH - Ahua Mobile1 Agent Shop","352027044 - XKH - Uni Mobile","352027024 - XKH - Ahua Mobile1 Agent Shop","Kerry-A Hua (Xiengkhuang)","N2550 Approval No.：202406101132000049400",Admin,"2024-06-10 13:06:36"
96,IN670608-00048,DO670610-00020,866227060115591,"XKH - Uni Mobile ຊຽງຂວາງ","XKH - Ahua Mobile1 Agent Shop","352027044 - XKH - Uni Mobile","352027024 - XKH - Ahua Mobile1 Agent Shop","Kerry-A Hua (Xiengkhuang)","N2550 Approval No.：202406101132000049400",Admin,"2024-06-10 13:06:36"
97,IN670515-00051,DO670610-00021,863671064339017,"SVK - INEW Savan1 Agent Store","SVK - TATA Mobile","352027416 - SVK - INEW Savan1 Agent Shop","352027462 - SVK - TATA Mobile","Kerry-INEW SVK (Savanakhet)","N518 Approval No.：202406101120000533724",Admin,"2024-06-10 13:06:21"
98,IN670603-00121,DO670610-00022,867993077074357,"VT1 - DDE Dongpalan","VT1 - LCC9 Nongchan","352027197 - VT1 - DDE Dongdok","352027235 - VT1 - LCC1 Dongpalan","WH - Stock OPPO (Mark)",,M20180315,"2024-06-10 15:06:12"
99,,DO670610-00023,867003069318950,"VT1 - OP mobile ລາດຄວາຍ","VT1 - PJ","352027262 - VT1 - OP mobile Lardkhuay","352027273 - VT1 - PJ","WH - Stock OPPO (Mark)",,M20180315,"2024-06-10 15:06:31"
100,,DO670611-00001,862774060992796,"VT1 - CL Nongniaw","VT1 - Viva","352027192 - VT1 - CL Saphanthong","352027331 - VT1 - Viva","WH - Stock OPPO (Mark)",,M20180315,"2024-06-11 08:06:22"
101,,DO670611-00002,862774061954217,"VT1 - CL Nongniaw","VT1 - JomJai mobile Nakham","352027192 - VT1 - CL Saphanthong","352027016 - VT1 - JomJai","WH - Stock OPPO (Mark)",,M20180315,"2024-06-11 08:06:57"
102,,DO670611-00003,862774061640212,"VT3 - Kn telecom 1","VT3 - Sy Mobile","352027226 - VT3 - Kn telecom","352031804 - VT3 - ST Mobile Sangthong","Kerry-Win (Vientiane)",,M20180315,"2024-06-11 08:06:28"
103,IN670521-00089,DO670611-00004,866654064156992,"VT3 - phanphon","VT3 - Win Samsung2 Agent Store","352027270 - VT3 - phanphon","352027334 - VT3 - Win Samsung 2 Agent Shop","Kerry-Win (Vientiane)",,M20180315,"2024-06-11 08:06:16"
104,IN670611-00058,DO670611-00005,867528073411532,"XYB - Saisana mobile2","After-sales replacement shop","352027102 - XYB - Saisana mobile2","352027531 - After-sales replacement shop","WH - Stock After Sale (Afeng)","Saisana mobile2 

OPPO: Reno11F
IME:867528073411532     天鸿，售后换机要调库IMEI调给门店，我按song之前教的操作路径做单后找不到单据往下面进行了",M20190520,"2024-06-11 14:06:50"
105,,DO670611-00006,862774061688658,"VT1 - LCC1 Dongpalan","VT1 - OK Mobile","352027235 - VT1 - LCC1 Dongpalan","352027191 - VT1 - Call me1 Phonesynuan","WH - Stock OPPO (Mark)",,M20180315,"2024-06-11 15:06:06"
106,,DO670611-00007,862774061692510,"VT1 - LCC1 Dongpalan","VT1 - OK Mobile","352027235 - VT1 - LCC1 Dongpalan","352027191 - VT1 - Call me1 Phonesynuan","WH - Stock OPPO (Mark)",,M20180315,"2024-06-11 15:06:06"
107,,DO670611-00008,862774061690712,"VT1 - LCC1 Dongpalan","VT1 - OK Mobile","352027235 - VT1 - LCC1 Dongpalan","352027191 - VT1 - Call me1 Phonesynuan","WH - Stock OPPO (Mark)",,M20180315,"2024-06-11 15:06:06"
108,,DO670611-00009,862774061693013,"VT1 - LCC1 Dongpalan","VT1 - OK Mobile","352027235 - VT1 - LCC1 Dongpalan","352027191 - VT1 - Call me1 Phonesynuan","WH - Stock OPPO (Mark)",,M20180315,"2024-06-11 15:06:06"
109,IN670523-00072,DO670611-00010,867993076506631,"VT1 - nangnoy","VT1 - JJ Mobile","352027255 - VT1 - nangnoy","352027219 - VT1 - JJ-MB","WH - Stock OPPO (Mark)",,M20180315,"2024-06-11 16:06:44"
110,IN670607-00067,DO670611-00011,866227060265875,"VT1 - LT ໜອງຈັນ","VT1 - nangnoy","352027241 - VT1 - LT Nongchan","352027255 - VT1 - nangnoy","WH - Stock OPPO (Mark)",,M20180315,"2024-06-11 16:06:34"
111,IN670521-00037,DO670612-00001,863671065926853,"SVK - Tai Le Mobile ສະຫັວນນະເຂດ","SVK - Meesukphone1","352027460 - SVK - Tai Le Mobile Savanhnaket","352027435 - SVK - Meesukphone1 OudomSouk","Kerry-INEW SVK (Savanakhet)","N2471 Approval No.：202406101902000285075",Admin,"2024-06-12 09:06:29"
112,IN670513-00241,DO670612-00002,867528073510390,"ATP - Ayou mobile 1","ATP - Ata mobile1 Agent Store","352026685 - ATP - Ayou mobile 1","352026684 - ATP - Ata mobile1 Agent Shop","Kerry-ATA (Attapue)","N2470 Approval No.：202406111321000379950",Admin,"2024-06-12 09:06:12"
113,IN670527-00034,DO670612-00003,863671065014452,"XKH - YH mobile2","XKH - Ko mobile ຊຽງຂວາງ","352032239 - XKH - YH mobile","352027034 - XKH - Ko mobile","Kerry-A Hua (Xiengkhuang)","N2550 Approval No.：202406111153000204280",Admin,"2024-06-12 09:06:53"
114,IN670608-00073,DO670612-00004,865055069656773,"VT1 - MKE5","VT2 - INEW Center","352027250 - VT1 - MKE5","352027216 - VT2 - INEW SamSung Agent Shop","Kerry-INEW (Vientiane)","N56 Approval No.：202406120952000544364",Admin,"2024-06-12 09:06:36"
115,IN670519-00012,DO670612-00005,865055069661633,"SLV - LT mobile","SLV - Abo mobile1 Agent Store","352032034 - SLV - LT mobile","352027347 - SLV - Abo mobile1 Agent Shop","Kerry-ABO (Salavan)","N2591 Approval No.：202406121008000393346",Admin,"2024-06-12 09:06:23"
116,IN670531-00107,DO670612-00006,867993074620616,"SVK - TN phone2","SVK - Tai Le Mobile ສະຫັວນນະເຂດ","352027400 - SVK - Atuan mobile","352027460 - SVK - Tai Le Mobile Savanhnaket","Kerry-INEW SVK (Savanakhet)","N518 Approval No.：202406121033000171687",Admin,"2024-06-12 15:06:51"
117,IN670526-00011,DO670612-00007,867993076536935,"SVK - Apao Mobile","SVK - INEW Savan1 Agent Store","352027395 - SVK - Apao","352027416 - SVK - INEW Savan1 Agent Shop","Kerry-INEW SVK (Savanakhet)","N518 Approval No.：202406121038000067797",Admin,"2024-06-12 15:06:36"
118,IN670504-00035,DO670612-00008,867003068222435,"LNT - GR mobile3","LNT - Xiangkok mobile","352032246 - LNT - GR mobile","352026849 - LNT - Xiangkok mobile","Kerry-A Yao (Loungnamtha)","N390 Approval No.：202406120953000082395",Admin,"2024-06-12 15:06:25"
119,IN670606-00086,DO670612-00009,862774061954415,"SVK - Lao derm Mobile 1","SVK - TJ phone ສະຫວັນນະເຂດ","352027428 - SVK - Lao derm Mobile","352027465 - SVK - TJ phone","Kerry-INEW SVK (Savanakhet)","N518 Approval No.：202406121102000130409",Admin,"2024-06-12 15:06:07"
120,IN670521-00055,DO670612-00010,867993074614312,LNT - Hongda electronic,"LNT - Ayao mobile1 Agent Store","352031959 - LNT - Hongda electronic","352026840 - LNT - Ayao mobile1 Agent Shop","Kerry-A Yao (Loungnamtha)","N2558 Approval No.：202406121350000477264",Admin,"2024-06-12 15:06:56"
121,IN670607-00002,DO670612-00011,863671065109419,"LPB - AT1 ຫຼວງພະບາງ","LPB - QZ Mobile Agent Store","352026865 - LPB - AT1 Luangphabang","352026885 - LPB - QZ Mobile Agent Shop","Kerry-QZ (Loungprabang)","N0231 Approval No.：202406121444000387664",Admin,"2024-06-12 15:06:01"
122,IN670607-00002,DO670612-00012,863671065596136,"LPB - AT1 ຫຼວງພະບາງ","LPB - QZ Mobile Agent Store","352026865 - LPB - AT1 Luangphabang","352026885 - LPB - QZ Mobile Agent Shop","Kerry-QZ (Loungprabang)","N0231 Approval No.：202406121444000387664",Admin,"2024-06-12 15:06:01"
123,IN670524-00081,DO670612-00013,867993076538816,"XKH - Uni Mobile ຊຽງຂວາງ","XKH - Ahua Mobile1 Agent Shop","352027044 - XKH - Uni Mobile","352027024 - XKH - Ahua Mobile1 Agent Shop","Kerry-A Hua (Xiengkhuang)","N2550 Approval No.：202406121028000135096",Admin,"2024-06-12 15:06:42"
124,IN670518-00062,DO670612-00014,863671065033619,"LNT - SP mobile","LNT - Aping mobile ຫຼວງນ້ຳທາ","352032221 - LNT - SP mobile","352026838 - LNT - Aping mobile","Kerry-A Yao (Loungnamtha)","N390 Approval No.：202406121637000104619",Admin,"2024-06-12 15:06:20"
125,,DO670613-00001,869802068665214,"VT1 - DDE Dongpalan","VT1 - Lao Er","352027197 - VT1 - DDE Dongdok","352027231 - VT1 - Lao Er","WH - Stock OPPO (Mark)",,M20180315,"2024-06-13 10:06:28"
126,IN670513-00203,DO670613-00002,862980062128319,"LPB - TK","LPB - QZ Mobile Agent Store","352026892 - LPB - TK","352026885 - LPB - QZ Mobile Agent Shop","Kerry-QZ (Loungprabang)","N0231 Approval No.：202406131805000392573",Admin,"2024-06-13 17:06:01"
127,IN670511-00114,DO670614-00001,862980062114095,"VT3 - phanphon","VT3 - Win Dongdok","352027270 - VT3 - phanphon","352027334 - VT3 - Win Samsung 2 Agent Shop","Kerry-Win (Vientiane)",,M20180315,"2024-06-14 16:06:51"
128,IN670603-00157,DO670615-00001,867993076913837,"VT1 - OP mobile ລາດຄວາຍ","VT1 - A Yang Mobile Xaisavang","352027262 - VT1 - OP mobile Lardkhuay","352027157 - VT1 - A Yang Xaysavarng","WH - Stock OPPO (Mark)",,M20180315,"2024-06-15 16:06:49"
129,IN670606-00096,DO670615-00002,862774061937758,"SVK - boy mobile","SVK - Nadet Mobile","352027405 - SVK - boy mobile","352027439 - SVK - Nadet Mobile","Kerry-INEW SVK (Savanakhet)",s,Admin,"2024-06-15 16:06:01"
130,IN670606-00098,DO670615-00003,862774061609670,"SVK - boy mobile","SVK - A phing Mobile ສະຫວັນນະເຂດ","352027405 - SVK - boy mobile","352027385 - SVK - A phing Mobile","Kerry-INEW SVK (Savanakhet)",s,Admin,"2024-06-15 16:06:16"
131,IN670610-00127,DO670615-00004,867993076967437,"ATP - Dai mobile1","ATP - Thanh mobile 52","352026686 - ATP - Dai mobile","352032142 - ATP - Thanh mobile 52","Kerry-ATA (Attapue)",s,Admin,"2024-06-15 16:06:17"
132,IN670613-00075,DO670615-00005,868800072841590,"BLX - Ahua mobile ຄຳເກີດ","BLX - Win mobile","352026729 - BLX - Ahua mobile","352032137 - BLX - Win mobile","Kerry-Awen (Thakhaek)",s,Admin,"2024-06-15 16:06:53"
133,IN670606-00037,DO670615-00006,862774061608912,"LPB - AN2","LPB - TK","352031626 - LPB - AN2","352026892 - LPB - TK","Kerry-QZ (Loungprabang)",s,Admin,"2024-06-15 16:06:29"
134,IN670604-00082,DO670615-00007,862774061758733,"LPB - AN2","LPB - Susu mobile ຫຼວງພະບາງ","352031626 - LPB - AN2","352026890 - LPB - Susu mobile","Kerry-QZ (Loungprabang)",s,Admin,"2024-06-15 16:06:09"
135,IN670531-00131,DO670615-00008,867993076506896,"LNT - GR mobile3","LNT - Xiangkok mobile","352032246 - LNT - GR mobile","352026849 - LNT - Xiangkok mobile","Kerry-A Yao (Loungnamtha)",s,Admin,"2024-06-15 16:06:51"
136,,DO670615-00009,867003065480754,"LNT - SP mobile","LNT - Hongda mobile7","352032221 - LNT - SP mobile","352032005 - LNT - Hongda mobile7","Kerry-A Yao (Loungnamtha)",s,Admin,"2024-06-15 16:06:30"
137,IN670606-00076,DO670615-00010,862774061935232,"ATP - Young mobile","ATP - J com mobile ອັດຕະປື","352026699 - ATP - Young mobile","352026691 - ATP - J com mobile","Kerry-ATA (Attapue)",s,Admin,"2024-06-15 16:06:05"
138,,DO670617-00001,862774061756232,"VT1 - Ting1","VT1 - GF mobile","352027314 - VT1 - Ting1","352027207 - VT1 - GF mobile","WH - Stock OPPO (Mark)",,M20180315,"2024-06-17 08:06:53"
139,IN670608-00003,DO670617-00002,866227060269612,"VT1 - LCC1 Dongpalan","VT1 - DDE Dongpalan","352027235 - VT1 - LCC1 Dongpalan","352027197 - VT1 - DDE Dongdok","WH - Stock OPPO (Mark)",,M20180315,"2024-06-17 10:06:24"
140,IN670503-00061,DO670617-00003,866654063870577,"VT1 - OP mobile ລາດຄວາຍ","VT1 - A Sue km63","352027262 - VT1 - OP mobile Lardkhuay","352027152 - VT1 - a sue","WH - Stock OPPO (Mark)",,M20180315,"2024-06-17 14:06:08"
141,IN670528-00088,DO670617-00004,863671064496114,"VT1 - OP mobile ລາດຄວາຍ","VT1 - ComCom Mobile","352027262 - VT1 - OP mobile Lardkhuay","352027194 - VT1 - ComCom Mobile","WH - Stock OPPO (Mark)",,M20180315,"2024-06-17 14:06:03"
142,IN670517-00091,DO670617-00005,865073061774437,"VT1 - MK shop","VT1 - Bigboss Phone","352032534 - VT1 - MK shop","352027183 - VT1 - Bigboss Phone","WH - Stock OPPO (Mark)",,M20180315,"2024-06-17 14:06:19"
143,IN670517-00091,DO670617-00006,863671064217890,"VT1 - MK shop","VT1 - Bigboss Phone","352032534 - VT1 - MK shop","352027183 - VT1 - Bigboss Phone","WH - Stock OPPO (Mark)",,M20180315,"2024-06-17 14:06:19"
144,IN670606-00075,DO670617-00007,862774061552375,"ATP - Young mobile","ATP - Dai mobile2","352026699 - ATP - Young mobile","352026686 - ATP - Dai mobile","Kerry-ATA (Attapue)",s,Admin,"2024-06-17 16:06:52"
145,IN670513-00216,DO670617-00008,867993074536978,"LNT - SP mobile","LNT - Aping mobile ຫຼວງນ້ຳທາ","352032221 - LNT - SP mobile","352026838 - LNT - Aping mobile","Kerry-A Yao (Loungnamtha)",s,Admin,"2024-06-17 16:06:39"
146,IN670606-00106,DO670617-00009,862774061948052,"BKE - Sak mobile","BKE - Van xai mobile","352032027 - BKE - Sak mobile","352026713 - BKE - Van xai mobile","Kerry-LH (Bokeo)",s,Admin,"2024-06-17 16:06:43"
147,IN670616-00040,DO670617-00010,868800072622115,"LNT - GG mobile","LNT - GG mobile","352026843 - LNT - GG mobile","352026843 - LNT - GG mobile","Kerry-A Yao (Loungnamtha)",s,Admin,"2024-06-17 16:06:34"
148,IN670616-00040,DO670617-00011,868800071754331,"LNT - GG mobile","LNT - GG mobile","352026843 - LNT - GG mobile","352026843 - LNT - GG mobile","Kerry-A Yao (Loungnamtha)",s,Admin,"2024-06-17 16:06:34"
149,IN670616-00040,DO670617-00012,868800072622115,"LNT - GR mobile","LNT - GG mobile","352032246 - LNT - GR mobile","352026843 - LNT - GG mobile","Kerry-A Yao (Loungnamtha)",s,Admin,"2024-06-17 16:06:01"
150,IN670616-00040,DO670617-00013,868800071754331,"LNT - GR mobile","LNT - GG mobile","352032246 - LNT - GR mobile","352026843 - LNT - GG mobile","Kerry-A Yao (Loungnamtha)",s,Admin,"2024-06-17 16:06:01"
151,,DO670617-00014,860306074432550,"XSB - NN mobile","XSB - Avone mobile","352027059 - XSB - NN mobile","352032405 - XSB - Avone mobile","Kerry-Aqing (Xaisomboun)",s,Admin,"2024-06-17 16:06:56"
152,IN670608-00044,DO670617-00015,863671065199238,"KAM - TK mobile","KAM - Awen mobile6","352026830 - KAM - TK mobile","352026799 - KAM - Awen mobile1 Agent Shop","Kerry-Awen (Thakhaek)",s,Admin,"2024-06-17 16:06:26"
153,IN670608-00044,DO670617-00016,865073061974730,"KAM - TK mobile","KAM - Awen mobile6","352026830 - KAM - TK mobile","352026799 - KAM - Awen mobile1 Agent Shop","Kerry-Awen (Thakhaek)",s,Admin,"2024-06-17 16:06:26"
154,IN670608-00044,DO670617-00017,863671065208252,"KAM - TK mobile","KAM - Awen mobile6","352026830 - KAM - TK mobile","352026799 - KAM - Awen mobile1 Agent Shop","Kerry-Awen (Thakhaek)",s,Admin,"2024-06-17 16:06:26"
155,IN670608-00044,DO670617-00018,865073061872637,"KAM - TK mobile","KAM - Awen mobile2","352026830 - KAM - TK mobile","352026799 - KAM - Awen mobile1 Agent Shop","Kerry-Awen (Thakhaek)",s,Admin,"2024-06-17 16:06:26"
156,IN670503-00087,DO670617-00019,865055069576518,LNT - Hongda electronic,"LNT - Ayao mobile1 Agent Store","352031959 - LNT - Hongda electronic","352026840 - LNT - Ayao mobile1 Agent Shop","Kerry-A Yao (Loungnamtha)",s,Admin,"2024-06-17 16:06:29"
157,IN670606-00089,DO670617-00020,862774061951692,"SVK - INEW Savan1 Agent Store","SVK - A Rong mobile","352027416 - SVK - INEW Savan1 Agent Shop","352027386 - SVK - A Rong mobile","Kerry-INEW SVK (Savanakhet)",s,Admin,"2024-06-17 16:06:14"
158,IN670617-00091,DO670618-00001,866227060108778,"VT1 - Folder shop","VT1 - Tun mobile","352027204 - VT1 - Folder shop","352027325 - VT1 - Tun mobile","WH - Stock OPPO (Mark)",,M20180315,"2024-06-18 09:06:48"
159,,DO670618-00002,862774060295075,"SLV - Te mobile","SLV - Raongarm mobile ສາລະວັນ","352027378 - SLV - Te mobile","352027373 - SLV - Raongarm mobile","Kerry-ABO (Salavan)",s,Admin,"2024-06-18 09:06:03"
160,,DO670618-00003,862774060295158,"SLV - Te mobile","SLV - Raongarm mobile ສາລະວັນ","352027378 - SLV - Te mobile","352027373 - SLV - Raongarm mobile","Kerry-ABO (Salavan)",s,Admin,"2024-06-18 09:06:03"
